{
  "accuracy": 0.9673,
  "f1_score": 0.9671059249572479,
  "recall": 0.9614,
  "precision": 0.9728799838089456,
  "roc_auc": 0.9835988800000001,
  "pr_auc": 0.9782055034410759
}