{
  "accuracy": 0.9667,
  "f1_score": 0.9661688509600731,
  "recall": 0.951,
  "precision": 0.9818294445591575,
  "roc_auc": 0.9912792199999999,
  "pr_auc": 0.9891894434484408
}